session_id,participant_id,status,started_datetime,completed_date_time,time_taken,age,num_approvals,num_rejections,prolific_score,reviewed_at_datetime,entered_code,Country of Birth,Current Country of Residence,Employment Status,First Language,Nationality,Sex,Student Status
61520a0e7a2833e456b6d97f,masked_for_anonoymity,RETURNED,2021-09-27T18:14:46.119Z,,1278325.022497,23,6,0,100,,"",CONSENT REVOKED,CONSENT REVOKED,CONSENT REVOKED,CONSENT REVOKED,CONSENT REVOKED,CONSENT REVOKED,CONSENT REVOKED
61520a3f0e4714a0e1a163ff,masked_for_anonoymity,APPROVED,2021-09-27T18:15:32.193Z,2021-09-27T19:14:32.959Z,3540.766,20,14,0,100,2021-09-28T11:09:01.560Z,807F37DE,United Kingdom,United Kingdom,Part-Time,English,United Kingdom,Female,Yes
61520a89a0a1f2fb77488ace,masked_for_anonoymity,RETURNED,2021-09-27T18:16:47.156Z,,1278204.022838,54,48,1,99,,"",CONSENT REVOKED,CONSENT REVOKED,CONSENT REVOKED,CONSENT REVOKED,CONSENT REVOKED,CONSENT REVOKED,CONSENT REVOKED
61520ac379c22144de6c24ee,masked_for_anonoymity,APPROVED,2021-09-27T18:17:49.186Z,2021-09-27T18:51:44.411Z,2035.225,20,20,0,100,2021-09-28T11:09:01.623Z,807F37DE,United Kingdom,United Kingdom,Other,English,United Kingdom,Female,Yes
61520b8488834f911cd1bf83,masked_for_anonoymity,APPROVED,2021-09-27T18:23:06.319Z,2021-09-27T18:59:34.557Z,2188.238,31,49,1,100,2021-09-28T11:09:01.676Z,807F37DE,United Kingdom,United Kingdom,DATA EXPIRED,English,United Kingdom,Male,DATA EXPIRED
61520bdf0638a5852929542f,masked_for_anonoymity,APPROVED,2021-09-27T18:22:39.530Z,2021-09-27T18:44:09.006Z,1289.476,48,15,0,100,2021-09-28T11:09:01.729Z,807F37DE,United Kingdom,United Kingdom,Full-Time,English,United Kingdom,Female,No
61520c0e2b01bc1cce9ed3ca,masked_for_anonoymity,APPROVED,2021-09-27T18:23:13.017Z,2021-09-27T18:55:06.592Z,1913.575,26,48,0,100,2021-09-28T11:09:01.784Z,807F37DE,United Kingdom,United Kingdom,Full-Time,English,United Kingdom,Male,No
61520c2141c975623ae3bc82,masked_for_anonoymity,APPROVED,2021-09-27T18:23:31.290Z,2021-09-27T18:44:00.688Z,1229.398,23,123,0,100,2021-09-28T11:09:01.842Z,807F37DE,United Kingdom,United Kingdom,Full-Time,English,United Kingdom,Female,Yes
61520c87682d41c9f274cab4,masked_for_anonoymity,APPROVED,2021-09-27T18:25:16.451Z,2021-09-27T18:54:19.634Z,1743.183,31,5,1,94,2021-09-28T11:09:01.897Z,807F37DE,DATA EXPIRED,United Kingdom,DATA EXPIRED,DATA EXPIRED,DATA EXPIRED,DATA EXPIRED,DATA EXPIRED
61520c8be758d0af4d293b0f,masked_for_anonoymity,RETURNED,2021-09-27T18:35:15.667Z,,1277095.648834,39,28,1,99,,"",CONSENT REVOKED,CONSENT REVOKED,CONSENT REVOKED,CONSENT REVOKED,CONSENT REVOKED,CONSENT REVOKED,CONSENT REVOKED
61520ca51e6c760587d9161d,masked_for_anonoymity,RETURNED,2021-09-27T18:25:46.669Z,,1277664.665804,31,28,1,98,,"",CONSENT REVOKED,CONSENT REVOKED,CONSENT REVOKED,CONSENT REVOKED,CONSENT REVOKED,CONSENT REVOKED,CONSENT REVOKED
61520cc7f2c31cfc4a5cefd7,masked_for_anonoymity,APPROVED,2021-09-27T18:26:51.542Z,2021-09-27T19:03:38.010Z,2206.468,45,32,0,100,2021-09-28T11:09:01.979Z,807F37DE,Croatia,United Kingdom,Part-Time,Croatian,Croatia,Female,Yes
61520cd87941534362daecc0,masked_for_anonoymity,RETURNED,2021-09-27T18:26:36.453Z,,1277614.914661,18,38,1,98,,"",CONSENT REVOKED,CONSENT REVOKED,CONSENT REVOKED,CONSENT REVOKED,CONSENT REVOKED,CONSENT REVOKED,CONSENT REVOKED
61520d63a82dd3c77f21afdf,masked_for_anonoymity,APPROVED,2021-09-27T18:28:55.450Z,2021-09-27T18:58:38.618Z,1783.168,26,44,0,100,2021-09-28T11:09:02.053Z,807F37DE,United Kingdom,United Kingdom,Full-Time,English,United Kingdom,Male,No
61520d8d860ecf740ed9168d,masked_for_anonoymity,APPROVED,2021-09-27T18:29:40.542Z,2021-09-27T19:15:16.629Z,2736.087,29,36,1,99,2021-09-28T11:09:02.135Z,807F37DE,Ireland,United Kingdom,Full-Time,English,Ireland,Female,No
61520d8f6380b57b95f51a10,masked_for_anonoymity,APPROVED,2021-09-27T18:29:37.068Z,2021-09-27T18:57:38.372Z,1681.304,32,17,0,100,2021-09-28T11:09:02.202Z,807F37DE,United Kingdom,United Kingdom,Unemployed (and job seeking),English,United Kingdom,Male,No
61520dc2c349c1064723a458,masked_for_anonoymity,APPROVED,2021-09-27T18:30:30.413Z,2021-09-27T19:25:24.067Z,3293.654,39,38,0,100,2021-09-28T11:09:02.266Z,807F37DE,United Kingdom,United Kingdom,Full-Time,English,United Kingdom,Male,No
61520e1fe6fbcbad3973a194,masked_for_anonoymity,APPROVED,2021-09-27T18:32:01.714Z,2021-09-27T18:58:08.080Z,1566.366,30,20,0,100,2021-09-28T11:09:02.331Z,807F37DE,United Kingdom,United Kingdom,Full-Time,English,United Kingdom,Male,No
61520e45c54d6576f15ff8f0,masked_for_anonoymity,APPROVED,2021-09-27T18:32:41.266Z,2021-09-27T19:25:56.186Z,3194.92,24,31,0,100,2021-09-28T11:09:02.401Z,807F37DE,United Kingdom,United Kingdom,Full-Time,English,United Kingdom,Female,No
61520e718c21deaa76d9f043,masked_for_anonoymity,APPROVED,2021-09-27T18:33:24.877Z,2021-09-27T19:19:58.633Z,2793.756,19,43,0,100,2021-09-28T11:09:02.466Z,807F37DE,United Kingdom,United Kingdom,Unemployed (and job seeking),English,South Africa,Male,Yes
61520e71f5efcd7ae37c0d5b,masked_for_anonoymity,APPROVED,2021-09-27T18:33:52.377Z,2021-09-27T18:58:56.299Z,1503.922,36,41,0,100,2021-09-28T11:09:02.536Z,807F37DE,DATA EXPIRED,United Kingdom,Full-Time,English,DATA EXPIRED,Female,No
61520ebc27b17aca6e2e9d82,masked_for_anonoymity,APPROVED,2021-09-27T18:34:44.124Z,2021-09-27T19:08:17.960Z,2013.836,31,47,2,98,2021-09-28T11:09:02.603Z,807F37DE,United Kingdom,United Kingdom,Full-Time,English,United Kingdom,Female,No
61520ec431a7706d753bca27,masked_for_anonoymity,TIMED-OUT,2021-09-27T18:34:55.210Z,,1277116.353269,35,31,0,100,,"",United Kingdom,United Kingdom,Full-Time,English,United Kingdom,Female,No
61521200af3b459158bf8ca7,masked_for_anonoymity,RETURNED,2021-09-27T18:58:32.235Z,,1275699.345478,25,28,0,100,,"",CONSENT REVOKED,CONSENT REVOKED,CONSENT REVOKED,CONSENT REVOKED,CONSENT REVOKED,CONSENT REVOKED,CONSENT REVOKED
6152121982e354e26d96cb64,masked_for_anonoymity,RETURNED,2021-09-27T18:49:04.206Z,,1276267.391539,50,66,0,100,,"",CONSENT REVOKED,CONSENT REVOKED,CONSENT REVOKED,CONSENT REVOKED,CONSENT REVOKED,CONSENT REVOKED,CONSENT REVOKED
615213e0e4010265a580437e,masked_for_anonoymity,TIMED-OUT,2021-09-27T18:56:37.238Z,,1275814.375649,33,24,1,99,,"",United Kingdom,United Kingdom,Full-Time,English,United Kingdom,Female,No
615215552ed3335ab39c3dbb,masked_for_anonoymity,APPROVED,2021-09-27T19:03:01.185Z,2021-09-27T19:44:48.492Z,2507.307,40,42,0,100,2021-09-28T11:09:02.673Z,807F37DE,United Kingdom,United Kingdom,Full-Time,English,United Kingdom,Female,No
61521f4f1fd6c8d498a30d5d,masked_for_anonoymity,RETURNED,2021-09-27T19:45:27.600Z,,1272884.05089,23,30,2,95,,"",CONSENT REVOKED,CONSENT REVOKED,CONSENT REVOKED,CONSENT REVOKED,CONSENT REVOKED,CONSENT REVOKED,CONSENT REVOKED
61522046efecf73f3ed57c85,masked_for_anonoymity,APPROVED,2021-09-27T19:49:26.719Z,2021-09-27T20:40:05.940Z,3039.221,49,136,1,100,2021-09-28T11:09:02.743Z,807F37DE,United Kingdom,United Kingdom,DATA EXPIRED,English,United Kingdom,Female,DATA EXPIRED
61522465dbbb6e76c0354e38,masked_for_anonoymity,APPROVED,2021-09-27T20:07:05.932Z,2021-09-27T20:52:49.348Z,2743.416,37,14,1,96,2021-09-28T11:09:02.801Z,807F37DE,United Kingdom,United Kingdom,Full-Time,English,United Kingdom,Male,No
615228253a51cc788f5b718b,masked_for_anonoymity,APPROVED,2021-09-27T20:23:05.688Z,2021-09-27T20:56:54.104Z,2028.416,39,46,1,100,2021-09-28T11:09:02.864Z,807F37DE,United Kingdom,United Kingdom,Part-Time,English,United Kingdom,Female,No
61522829c2fa55b757a48b13,masked_for_anonoymity,APPROVED,2021-09-27T20:23:07.991Z,2021-09-27T20:46:05.808Z,1377.817,27,38,0,100,2021-09-28T11:09:02.924Z,807F37DE,United Kingdom,United Kingdom,Full-Time,English,United Kingdom,Female,No
61522829efd3c2b4bacb64f4,masked_for_anonoymity,APPROVED,2021-09-27T20:23:10.420Z,2021-09-27T20:52:48.325Z,1777.905,28,50,1,99,2021-09-28T11:09:02.992Z,807F37DE,United Kingdom,United Kingdom,Full-Time,English,United Kingdom,Male,No
6152282d85212cc28c445150,masked_for_anonoymity,RETURNED,2021-09-27T20:23:11.712Z,2021-09-27T20:47:46.755Z,1475.043,39,57,0,100,,42523950,CONSENT REVOKED,CONSENT REVOKED,CONSENT REVOKED,CONSENT REVOKED,CONSENT REVOKED,CONSENT REVOKED,CONSENT REVOKED
615228300a1b6b4939e345a3,masked_for_anonoymity,APPROVED,2021-09-27T20:23:19.339Z,2021-09-27T21:21:37.369Z,3498.03,33,53,2,98,2021-09-28T11:09:03.058Z,807F37DE,United Kingdom,United Kingdom,Full-Time,English,United Kingdom,Male,No
615228308b0014bcbf9b96e5,masked_for_anonoymity,RETURNED,2021-09-27T20:23:46.267Z,,1270585.533309,28,59,0,100,,"",CONSENT REVOKED,CONSENT REVOKED,CONSENT REVOKED,CONSENT REVOKED,CONSENT REVOKED,CONSENT REVOKED,CONSENT REVOKED
61522832cfdd2e3a191cd4c1,masked_for_anonoymity,APPROVED,2021-09-27T20:26:57.607Z,2021-09-27T21:09:57.306Z,2579.699,28,42,0,100,2021-09-28T11:09:03.141Z,807F37DE,United Kingdom,United Kingdom,Part-Time,Welsh,United Kingdom,Female,No
6152283351621ee8afd1ffa0,masked_for_anonoymity,RETURNED,2021-09-27T20:23:17.509Z,,1270614.331895,24,72,1,100,,"",CONSENT REVOKED,CONSENT REVOKED,CONSENT REVOKED,CONSENT REVOKED,CONSENT REVOKED,CONSENT REVOKED,CONSENT REVOKED
61522834549a3a9f3471948d,masked_for_anonoymity,APPROVED,2021-09-27T20:23:19.436Z,2021-09-27T21:20:28.792Z,3429.356,36,187,1,100,2021-09-28T11:09:03.210Z,807F37DE,United Kingdom,United Kingdom,Full-Time,English,United Kingdom,Female,Yes
61522835f22a3a11173cb1e6,masked_for_anonoymity,RETURNED,2021-09-27T20:23:17.003Z,,1270614.873588,66,58,0,100,,"",CONSENT REVOKED,CONSENT REVOKED,CONSENT REVOKED,CONSENT REVOKED,CONSENT REVOKED,CONSENT REVOKED,CONSENT REVOKED
615228365ea2ba97a0ba8e5f,masked_for_anonoymity,APPROVED,2021-09-27T20:23:18.531Z,2021-09-27T20:54:42.221Z,1883.69,26,46,2,96,2021-09-28T11:09:03.276Z,807F37DE,United Kingdom,United Kingdom,Full-Time,English,United Kingdom,Male,Yes
615228407a641a314acd5720,masked_for_anonoymity,APPROVED,2021-09-27T20:23:31.796Z,2021-09-27T20:49:06.948Z,1535.152,26,119,3,98,2021-09-28T11:09:03.347Z,807F37DE,United Kingdom,United Kingdom,DATA EXPIRED,English,United Kingdom,Female,Yes
6152284820a45e7b978d8fb5,masked_for_anonoymity,RETURNED,2021-09-27T20:26:16.491Z,,1270435.436948,18,26,0,100,,"",CONSENT REVOKED,CONSENT REVOKED,CONSENT REVOKED,CONSENT REVOKED,CONSENT REVOKED,CONSENT REVOKED,CONSENT REVOKED
6152284823ca3a35f5daba23,masked_for_anonoymity,APPROVED,2021-09-27T20:23:52.957Z,2021-09-27T20:42:47.853Z,1134.896,41,37,0,100,2021-09-28T11:09:03.414Z,807F37DE,United Kingdom,United Kingdom,Full-Time,English,Ireland,Female,No
6152284c306b1332dab050f2,masked_for_anonoymity,APPROVED,2021-09-27T20:23:45.895Z,2021-09-27T21:26:48.675Z,3782.78,21,29,0,100,2021-09-28T11:09:03.495Z,807F37DE,Hungary,United Kingdom,Part-Time,Hungarian,Hungary,Female,Yes
6152284d027767e15372324c,masked_for_anonoymity,RETURNED,2021-09-27T20:26:34.396Z,,1270417.586857,26,673,2,100,,"",CONSENT REVOKED,CONSENT REVOKED,CONSENT REVOKED,CONSENT REVOKED,CONSENT REVOKED,CONSENT REVOKED,CONSENT REVOKED
6152284de9ab7e8fc0f37cf2,masked_for_anonoymity,APPROVED,2021-09-27T20:23:56.092Z,2021-09-27T21:10:47.029Z,2810.937,31,35,0,100,2021-09-28T11:09:03.581Z,807F37DE,Poland,United Kingdom,Full-Time,Polish,Poland,Female,No
6152284e7d071baea8ee9a33,masked_for_anonoymity,RETURNED,2021-09-27T20:23:42.366Z,,1270589.659778,37,42,1,99,,"",CONSENT REVOKED,CONSENT REVOKED,CONSENT REVOKED,CONSENT REVOKED,CONSENT REVOKED,CONSENT REVOKED,CONSENT REVOKED
6152284fe9ab7e8fc0f37cf3,masked_for_anonoymity,TIMED-OUT,2021-09-27T20:23:46.472Z,,1270585.575149,22,43,0,100,,"",United Kingdom,United Kingdom,Part-Time,English,United Kingdom,Female,No
61522852fa5ba41e68112ecd,masked_for_anonoymity,APPROVED,2021-09-27T20:23:46.734Z,2021-09-27T20:59:22.530Z,2135.796,19,32,0,100,2021-09-28T11:09:03.669Z,807F37DE,DATA EXPIRED,United Kingdom,DATA EXPIRED,DATA EXPIRED,United Kingdom,Male,DATA EXPIRED
61522859a3d1f15d13b423b6,masked_for_anonoymity,APPROVED,2021-09-27T20:23:56.312Z,2021-09-27T21:01:11.510Z,2235.198,39,74,0,100,2021-09-28T11:09:03.756Z,807F37DE,United Kingdom,United Kingdom,"Not in paid work (e.g. homemaker', 'retired or disabled)",English,United Kingdom,Female,No
61522863641195f9c3c86cbf,masked_for_anonoymity,RETURNED,2021-09-27T20:24:06.793Z,,1270565.312654,26,36,0,100,,"",CONSENT REVOKED,CONSENT REVOKED,CONSENT REVOKED,CONSENT REVOKED,CONSENT REVOKED,CONSENT REVOKED,CONSENT REVOKED
6152286684a0fa0a73ca9999,masked_for_anonoymity,APPROVED,2021-09-27T20:24:09.349Z,2021-09-27T20:25:39.399Z,90.05,46,39,3,94,2021-09-28T11:09:03.824Z,NOCODE,United Kingdom,United Kingdom,"Not in paid work (e.g. homemaker', 'retired or disabled)",English,United Kingdom,Female,No
615228668f67b4266a5645a4,masked_for_anonoymity,RETURNED,2021-09-27T20:24:06.243Z,,1270565.905315,22,22,1,94,,"",CONSENT REVOKED,CONSENT REVOKED,CONSENT REVOKED,CONSENT REVOKED,CONSENT REVOKED,CONSENT REVOKED,CONSENT REVOKED
6152286991ec4d5ce3536d12,masked_for_anonoymity,APPROVED,2021-09-27T20:24:13.060Z,2021-09-27T21:00:37.596Z,2184.536,43,55,0,100,2021-09-28T11:09:03.933Z,807F37DE,United Kingdom,United Kingdom,Full-Time,English,United Kingdom,Male,No
6152287077dcdfdf1d991417,masked_for_anonoymity,APPROVED,2021-09-27T20:24:25.979Z,2021-09-27T21:13:46.753Z,2960.774,19,47,1,100,2021-09-28T11:09:04Z,807F37DE,United Kingdom,United Kingdom,Part-Time,English,United Kingdom,Female,Yes
61522877c4da01cefd12d0c5,masked_for_anonoymity,TIMED-OUT,2021-09-27T20:24:36.828Z,,1270535.383639,66,35,0,100,,"",United Kingdom,United Kingdom,"Not in paid work (e.g. homemaker', 'retired or disabled)",English,United Kingdom,Female,No
615228799e6d331495f16c85,masked_for_anonoymity,APPROVED,2021-09-27T20:24:26.532Z,2021-09-27T21:15:41.644Z,3075.112,39,32,0,100,2021-09-28T11:09:04.070Z,807F37DE,United Kingdom,United Kingdom,Full-Time,English,United Kingdom,Male,Yes
6152287a09bf032503931507,masked_for_anonoymity,APPROVED,2021-09-27T20:24:35.247Z,2021-09-27T20:58:09.524Z,2014.277,52,72,0,100,2021-09-28T11:09:04.141Z,807F37DE,United Kingdom,United Kingdom,Full-Time,English,United Kingdom,Male,No
6152287d6405b6595caadee6,masked_for_anonoymity,RETURNED,2021-09-27T20:24:37.896Z,,1270534.378697,28,43,0,100,,"",CONSENT REVOKED,CONSENT REVOKED,CONSENT REVOKED,CONSENT REVOKED,CONSENT REVOKED,CONSENT REVOKED,CONSENT REVOKED
615228818337453070dcf6af,masked_for_anonoymity,TIMED-OUT,2021-09-27T20:24:59.392Z,,1270512.905347,39,51,1,100,,"",United Kingdom,United Kingdom,"Not in paid work (e.g. homemaker', 'retired or disabled)",English,United Kingdom,Female,No
61522882b1bc4077e3195da8,masked_for_anonoymity,RETURNED,2021-09-27T20:24:36.188Z,,1270536.131369,26,60,1,100,,"",CONSENT REVOKED,CONSENT REVOKED,CONSENT REVOKED,CONSENT REVOKED,CONSENT REVOKED,CONSENT REVOKED,CONSENT REVOKED
61522882b1c7b51b29167032,masked_for_anonoymity,TIMED-OUT,2021-09-27T20:24:37.901Z,,1270534.438669,31,70,0,100,,"",United Kingdom,United Kingdom,Full-Time,English,United Kingdom,Male,No
615228861414bc5c8bacad5b,masked_for_anonoymity,APPROVED,2021-09-27T20:24:40.341Z,2021-09-27T21:05:12.311Z,2431.97,21,73,1,100,2021-09-28T11:09:04.240Z,807F37DE,United Kingdom,United Kingdom,Other,English,United Kingdom,Female,Yes
61522887e90efb6cd9c8b348,masked_for_anonoymity,RETURNED,2021-09-27T20:24:45.297Z,,1270527.085129,22,34,0,100,,"",CONSENT REVOKED,CONSENT REVOKED,CONSENT REVOKED,CONSENT REVOKED,CONSENT REVOKED,CONSENT REVOKED,CONSENT REVOKED
61522889987bfee7506f5762,masked_for_anonoymity,TIMED-OUT,2021-09-27T20:24:44.943Z,,1270527.455789,34,28,1,100,,"",United Kingdom,United Kingdom,Part-Time,English,United Kingdom,Female,No
6152288f70de815110119b72,masked_for_anonoymity,APPROVED,2021-09-27T20:24:55.847Z,2021-09-27T21:20:42.107Z,3346.26,28,58,0,100,2021-09-28T11:09:04.326Z,807F37DE,DATA EXPIRED,United Kingdom,DATA EXPIRED,English,United Kingdom,Female,No
6152288fc1c7f8e87128c0d6,masked_for_anonoymity,RETURNED,2021-09-27T20:34:47.909Z,,1269924.526655,22,140,2,98,,"",CONSENT REVOKED,CONSENT REVOKED,CONSENT REVOKED,CONSENT REVOKED,CONSENT REVOKED,CONSENT REVOKED,CONSENT REVOKED
61522896449d6a4eeaf12599,masked_for_anonoymity,RETURNED,2021-09-27T20:24:56.113Z,,1270516.340882,33,38,1,99,,"",CONSENT REVOKED,CONSENT REVOKED,CONSENT REVOKED,CONSENT REVOKED,CONSENT REVOKED,CONSENT REVOKED,CONSENT REVOKED
61522898b8af0778a9ca4503,masked_for_anonoymity,RETURNED,2021-09-27T20:25:08.766Z,,1270503.707316,52,86,1,100,,"",CONSENT REVOKED,CONSENT REVOKED,CONSENT REVOKED,CONSENT REVOKED,CONSENT REVOKED,CONSENT REVOKED,CONSENT REVOKED
6152289c0d1626b1dcdecd2a,masked_for_anonoymity,RETURNED,2021-09-27T20:26:02.003Z,,1270450.490446,27,32,0,100,,"",CONSENT REVOKED,CONSENT REVOKED,CONSENT REVOKED,CONSENT REVOKED,CONSENT REVOKED,CONSENT REVOKED,CONSENT REVOKED
6152289d737d508803f9ebc5,masked_for_anonoymity,APPROVED,2021-09-27T20:25:07.721Z,2021-09-27T21:02:02.221Z,2214.5,20,51,0,100,2021-09-28T11:09:04.419Z,807F37DE,United Kingdom,United Kingdom,Other,English,United Kingdom,Female,Yes
615228a587060d315121c174,masked_for_anonoymity,APPROVED,2021-09-27T20:25:09.204Z,2021-09-27T21:16:20.097Z,3070.893,32,19,0,100,2021-09-28T11:09:04.504Z,807F37DE,Poland,United Kingdom,Part-Time,Polish,Denmark,Female,Yes
615228a67f9103832c4514be,masked_for_anonoymity,APPROVED,2021-09-27T20:25:13.356Z,2021-09-27T20:42:44.807Z,1051.451,32,58,1,100,2021-09-28T11:09:04.570Z,807F37DE,United Kingdom,United Kingdom,Full-Time,English,United Kingdom,Male,No
615228a69867b2cbd0709cf1,masked_for_anonoymity,APPROVED,2021-09-27T20:25:13.512Z,2021-09-27T21:09:59.377Z,2685.865,23,43,0,100,2021-09-28T11:09:04.645Z,807F37DE,United Kingdom,United Kingdom,Full-Time,English,United Kingdom,Female,No
615228b131f8189024ad66ea,masked_for_anonoymity,APPROVED,2021-09-27T20:25:28.183Z,2021-09-27T21:09:20.590Z,2632.407,18,48,0,100,2021-09-28T11:09:04.709Z,807F37DE,United States,United Kingdom,Unemployed (and job seeking),English,United States,Male,Yes
615228b432039f0ca3eab5a5,masked_for_anonoymity,TIMED-OUT,2021-09-27T20:25:41.418Z,,1270471.202241,60,48,0,100,,"",United Kingdom,United Kingdom,Unemployed (and job seeking),English,United Kingdom,Female,No
615228b4a59b41a799a5fb3f,masked_for_anonoymity,APPROVED,2021-09-27T20:25:26.138Z,2021-09-27T20:50:04.765Z,1478.627,18,36,1,99,2021-09-28T11:09:04.804Z,807F37DE,United Kingdom,United Kingdom,Other,English,United Kingdom,Male,Yes
615228b80e3a02a6611282ac,masked_for_anonoymity,APPROVED,2021-09-27T20:25:32.151Z,2021-09-27T20:41:19.223Z,947.072,30,37,1,100,2021-09-28T11:09:04.864Z,807F37DE,United Kingdom,United Kingdom,"Not in paid work (e.g. homemaker', 'retired or disabled)",English,United Kingdom,Female,No
615228bf8e5781ef1d852184,masked_for_anonoymity,APPROVED,2021-09-27T20:26:18.383Z,2021-09-27T21:03:42.700Z,2244.317,26,4,0,100,2021-09-28T11:09:04.933Z,807F37DE,United States,United Kingdom,Unemployed (and job seeking),English,DATA EXPIRED,Female,No
615228c232039f0ca3eab5a7,masked_for_anonoymity,APPROVED,2021-09-27T20:25:44.763Z,2021-09-27T21:02:17.398Z,2192.635,29,57,0,100,2021-09-28T11:09:05.005Z,807F37DE,United Kingdom,United Kingdom,Full-Time,English,United Kingdom,Female,No
615228c30d1626b1dcdecd31,masked_for_anonoymity,RETURNED,2021-09-27T20:25:41.730Z,,1270470.997501,22,42,0,100,,"",CONSENT REVOKED,CONSENT REVOKED,CONSENT REVOKED,CONSENT REVOKED,CONSENT REVOKED,CONSENT REVOKED,CONSENT REVOKED
615228c43ac3ea36ca1b3336,masked_for_anonoymity,APPROVED,2021-09-27T20:25:45.758Z,2021-09-27T21:13:51.204Z,2885.446,32,121,0,100,2021-09-28T11:09:05.069Z,807F37DE,United Kingdom,United Kingdom,Part-Time,English,United Kingdom,Male,DATA EXPIRED
615228c578fbe2d04daa84a8,masked_for_anonoymity,APPROVED,2021-09-27T20:25:43.046Z,2021-09-27T20:53:42.941Z,1679.895,30,62,2,98,2021-09-28T11:09:05.142Z,807F37DE,United Kingdom,United Kingdom,Full-Time,English,United Kingdom,Female,No
615228c68b0014bcbf9b96f0,masked_for_anonoymity,APPROVED,2021-09-27T20:26:38.756Z,2021-09-27T20:47:13.954Z,1235.198,34,72,1,100,2021-09-28T11:09:05.205Z,807F37DE,United Kingdom,United Kingdom,Full-Time,English,United Kingdom,Male,No
615228d41c149c79d90d1431,masked_for_anonoymity,APPROVED,2021-09-27T20:26:17.052Z,2021-09-27T21:24:25.007Z,3487.955,43,64,1,100,2021-09-28T11:09:05.275Z,807F37DE,United Kingdom,United Kingdom,Full-Time,English,United Kingdom,Female,No
615228d4a36a87b204ece239,masked_for_anonoymity,APPROVED,2021-09-27T20:26:06.170Z,2021-09-27T20:47:20.177Z,1274.007,32,28,2,94,2021-09-28T11:09:05.353Z,807F37DE,United Kingdom,United Kingdom,Full-Time,English,United Kingdom,Female,No
615228d4b8af0778a9ca4506,masked_for_anonoymity,TIMED-OUT,2021-09-27T20:25:59.134Z,,1270453.711196,26,41,0,100,,"",United Kingdom,United Kingdom,Due to start a new job within the next month,English,United Kingdom,Female,Yes
615228d8c24cc0bc6268f468,masked_for_anonoymity,RETURNED,2021-09-27T20:26:03.334Z,,1270449.532476,31,17,0,100,,"",CONSENT REVOKED,CONSENT REVOKED,CONSENT REVOKED,CONSENT REVOKED,CONSENT REVOKED,CONSENT REVOKED,CONSENT REVOKED
615228de9e6d331495f16c88,masked_for_anonoymity,RETURNED,2021-09-27T20:28:57.862Z,,1270275.023447,42,477,2,100,,"",CONSENT REVOKED,CONSENT REVOKED,CONSENT REVOKED,CONSENT REVOKED,CONSENT REVOKED,CONSENT REVOKED,CONSENT REVOKED
615228e2efd3c2b4bacb6500,masked_for_anonoymity,RETURNED,2021-09-27T20:26:13.687Z,,1270439.215883,33,44,1,100,,"",CONSENT REVOKED,CONSENT REVOKED,CONSENT REVOKED,CONSENT REVOKED,CONSENT REVOKED,CONSENT REVOKED,CONSENT REVOKED
615228e9c12dc05e51718f0f,masked_for_anonoymity,APPROVED,2021-09-27T20:26:43.919Z,2021-09-27T21:07:48.547Z,2464.628,31,24,2,90,2021-09-28T11:09:05.470Z,807F37DE,Georgia,United Kingdom,DATA EXPIRED,Russian,Georgia,Male,DATA EXPIRED
615228e9c35136f315f908a1,masked_for_anonoymity,APPROVED,2021-09-27T20:26:22.102Z,2021-09-27T21:20:50.223Z,3268.121,36,67,0,100,2021-09-28T11:09:05.542Z,807F37DE,United Kingdom,United Kingdom,Full-Time,English,United Kingdom,Female,No
615228f2737d508803f9ebc9,masked_for_anonoymity,RETURNED,2021-09-27T20:26:29.650Z,,1270423.309878,34,62,0,100,,"",CONSENT REVOKED,CONSENT REVOKED,CONSENT REVOKED,CONSENT REVOKED,CONSENT REVOKED,CONSENT REVOKED,CONSENT REVOKED
615228f4b180b7148803955a,masked_for_anonoymity,APPROVED,2021-09-27T20:26:30.215Z,2021-09-27T21:01:44.168Z,2113.953,36,56,0,100,2021-09-28T11:09:05.604Z,807F37DE,United Kingdom,United Kingdom,Part-Time,English,United Kingdom,Female,No
615228f536dc7483072759f0,masked_for_anonoymity,RETURNED,2021-09-27T20:36:29.445Z,,1269823.555606,31,59,0,100,,"",CONSENT REVOKED,CONSENT REVOKED,CONSENT REVOKED,CONSENT REVOKED,CONSENT REVOKED,CONSENT REVOKED,CONSENT REVOKED
615228f92d0ede631e621611,masked_for_anonoymity,APPROVED,2021-09-27T20:26:35.673Z,2021-09-27T21:11:08.134Z,2672.461,28,32,0,100,2021-09-28T11:09:05.682Z,807F37DE,United Kingdom,United Kingdom,Full-Time,English,United Kingdom,Female,No
615228faeb30aeb01df8232c,masked_for_anonoymity,APPROVED,2021-09-27T20:26:40.418Z,2021-09-27T21:17:53.235Z,3072.817,26,63,1,100,2021-09-28T11:09:05.741Z,807F37DE,United Kingdom,United Kingdom,Full-Time,English,United Kingdom,Female,No
61522905ce8012aa56600743,masked_for_anonoymity,APPROVED,2021-09-27T20:26:45.655Z,2021-09-27T20:28:11.034Z,85.379,34,321,12,94,2021-09-28T11:09:05.802Z,NOCODE,United Kingdom,United Kingdom,DATA EXPIRED,English,United Kingdom,Female,DATA EXPIRED
615229062a21b9369e3d5034,masked_for_anonoymity,APPROVED,2021-09-27T20:27:04.334Z,2021-09-27T20:58:20.519Z,1876.185,33,44,0,100,2021-09-28T11:09:05.858Z,807F37DE,United Kingdom,United Kingdom,Part-Time,English,United Kingdom,Male,No
615229117cb5e80b594ec4ea,masked_for_anonoymity,APPROVED,2021-09-27T20:26:59.769Z,2021-09-27T21:13:19.029Z,2779.26,39,57,0,100,2021-09-28T11:09:05.916Z,807F37DE,United Kingdom,United Kingdom,Full-Time,English,United Kingdom,Female,No
615229158b0014bcbf9b96fa,masked_for_anonoymity,TIMED-OUT,2021-09-27T20:27:09.770Z,,1270383.347516,30,46,0,100,,"",United Kingdom,United Kingdom,Full-Time,English,Ireland,Female,No
6152291e8b0014bcbf9b96fc,masked_for_anonoymity,APPROVED,2021-09-27T20:27:11.914Z,2021-09-27T21:02:37.746Z,2125.832,22,125,1,99,2021-09-28T11:09:05.985Z,807F37DE,United Kingdom,United Kingdom,DATA EXPIRED,English,United Kingdom,Male,DATA EXPIRED
6152291f6e401ab199c63876,masked_for_anonoymity,RETURNED,2021-09-27T20:27:13.400Z,,1270379.759803,24,43,0,100,,"",CONSENT REVOKED,CONSENT REVOKED,CONSENT REVOKED,CONSENT REVOKED,CONSENT REVOKED,CONSENT REVOKED,CONSENT REVOKED
6152292400d72d9ed8d86b81,masked_for_anonoymity,APPROVED,2021-09-27T20:27:19.943Z,2021-09-27T20:59:47.756Z,1947.813,29,36,0,100,2021-09-28T11:09:06.054Z,807F37DE,United Kingdom,United Kingdom,Full-Time,English,United Kingdom,Female,No
61522928cbd3835821cca0ad,masked_for_anonoymity,APPROVED,2021-09-27T20:27:24.208Z,2021-09-27T20:55:03.800Z,1659.592,29,28,1,99,2021-09-28T11:09:06.118Z,807F37DE,United Kingdom,United Kingdom,Part-Time,English,United Kingdom,Female,No
6152292a21c8a76294b0cdc1,masked_for_anonoymity,RETURNED,2021-09-27T20:27:24.733Z,,1270368.481183,48,41,0,100,,"",CONSENT REVOKED,CONSENT REVOKED,CONSENT REVOKED,CONSENT REVOKED,CONSENT REVOKED,CONSENT REVOKED,CONSENT REVOKED
6152292cb180b7148803955c,masked_for_anonoymity,APPROVED,2021-09-27T20:27:26.987Z,2021-09-27T20:55:25.693Z,1678.706,20,47,0,100,2021-09-28T11:09:06.185Z,807F37DE,United Kingdom,United Kingdom,Due to start a new job within the next month,English,United Kingdom,Female,Yes
6152293950d533b9698e2af5,masked_for_anonoymity,RETURNED,2021-09-27T20:27:39.513Z,,1270353.736012,32,53,0,100,,"",CONSENT REVOKED,CONSENT REVOKED,CONSENT REVOKED,CONSENT REVOKED,CONSENT REVOKED,CONSENT REVOKED,CONSENT REVOKED
6152294c78e5e5aa3f4d94d0,masked_for_anonoymity,APPROVED,2021-09-27T20:27:59.315Z,2021-09-27T21:00:18.003Z,1938.688,39,67,0,100,2021-09-28T11:09:06.253Z,807F37DE,United Kingdom,United Kingdom,Full-Time,English,United Kingdom,Female,No
61522950c30ca13510a5e4be,masked_for_anonoymity,APPROVED,2021-09-27T20:33:04.897Z,2021-09-27T21:30:42.828Z,3457.931,23,37,0,100,2021-09-28T11:09:06.321Z,807F37DE,United Kingdom,United Kingdom,Full-Time,English,United Kingdom,Male,No
61522950cc5c33328a689346,masked_for_anonoymity,APPROVED,2021-09-27T20:28:04.232Z,2021-09-27T21:06:34.754Z,2310.522,40,61,0,100,2021-09-28T11:09:06.413Z,807F37DE,United Kingdom,United Kingdom,"Not in paid work (e.g. homemaker', 'retired or disabled)",English,United Kingdom,Female,No
6152295a175a6271c2b056a4,masked_for_anonoymity,TIMED-OUT,2021-09-27T20:35:29.610Z,,1269883.708726,26,31,0,100,,"",United Kingdom,United Kingdom,Full-Time,English,United Kingdom,Male,No
615229693efcab7929170268,masked_for_anonoymity,APPROVED,2021-09-27T20:28:27.008Z,2021-09-27T20:59:23.014Z,1856.006,30,56,1,99,2021-09-28T11:09:06.503Z,807F37DE,United Kingdom,United Kingdom,Full-Time,English,United Kingdom,Female,No
6152296ab5936b51b84062d6,masked_for_anonoymity,RETURNED,2021-09-27T20:28:29.585Z,,1270303.770754,30,24,0,100,,"",CONSENT REVOKED,CONSENT REVOKED,CONSENT REVOKED,CONSENT REVOKED,CONSENT REVOKED,CONSENT REVOKED,CONSENT REVOKED
6152296ede540cbea542104f,masked_for_anonoymity,APPROVED,2021-09-27T20:28:32.930Z,2021-09-27T21:06:05.263Z,2252.333,35,53,0,100,2021-09-28T11:09:06.602Z,807F37DE,United Kingdom,United Kingdom,Part-Time,English,United Kingdom,Female,No
6152297059207c5244eab86b,masked_for_anonoymity,APPROVED,2021-09-27T20:29:20.285Z,2021-09-27T21:29:13.290Z,3593.005,38,47,0,100,2021-09-28T11:09:06.673Z,807F37DE,United Kingdom,United Kingdom,Full-Time,English,United Kingdom,Male,No
6152297e8b0014bcbf9b9700,masked_for_anonoymity,APPROVED,2021-09-27T20:28:53.015Z,2021-09-27T21:11:37.654Z,2564.639,28,54,0,100,2021-09-28T11:09:06.760Z,807F37DE,United Kingdom,United Kingdom,Full-Time,English,United Kingdom,Female,No
6152297fb5936b51b84062da,masked_for_anonoymity,APPROVED,2021-09-27T20:28:51.051Z,2021-09-27T21:16:40.469Z,2869.418,35,84,0,100,2021-09-28T11:09:06.821Z,807F37DE,United Kingdom,United Kingdom,Full-Time,English,United Kingdom,Male,No
61522981877e4080fef461b0,masked_for_anonoymity,APPROVED,2021-09-27T20:28:57.778Z,2021-09-27T21:29:05.074Z,3607.296,28,46,0,100,2021-09-28T11:09:06.882Z,807F37DE,United Kingdom,United Kingdom,Other,English,United Kingdom,Female,No
615229819527bf6374c42df5,masked_for_anonoymity,APPROVED,2021-09-27T20:28:53.467Z,2021-09-27T21:15:35.069Z,2801.602,24,51,3,96,2021-09-28T11:09:06.941Z,807F37DE,United Kingdom,United Kingdom,Full-Time,English,United Kingdom,Female,No
61522984cb285cfc1e5d29f1,masked_for_anonoymity,APPROVED,2021-09-27T20:28:57.317Z,2021-09-27T20:46:54.491Z,1077.174,28,33,1,96,2021-09-28T11:09:07.004Z,807F37DE,United Kingdom,United Kingdom,Full-Time,English,United Kingdom,Female,No
61522985fa12f19fbbbc4550,masked_for_anonoymity,APPROVED,2021-09-27T20:29:52.718Z,2021-09-27T21:02:39.232Z,1966.514,27,40,0,100,2021-09-28T11:09:07.066Z,807F37DE,United Kingdom,United Kingdom,Unemployed (and job seeking),English,United Kingdom,Male,No
615229924db9d105cd88e8da,masked_for_anonoymity,APPROVED,2021-09-27T20:29:22.868Z,2021-09-27T21:27:24.827Z,3481.959,37,45,0,100,2021-09-28T11:09:07.128Z,807F37DE,Spain,United Kingdom,Full-Time,Spanish,Spain,Female,No
615229937fb2e216a8bf4239,masked_for_anonoymity,APPROVED,2021-09-27T20:29:08.981Z,2021-09-27T21:08:35.135Z,2366.154,23,29,1,99,2021-09-28T11:09:07.198Z,807F37DE,United Kingdom,United Kingdom,Part-Time,English,United Kingdom,Female,No
61522996796e2f4d0a6a1c67,masked_for_anonoymity,RETURNED,2021-09-27T20:29:12.475Z,,1270261.087497,21,61,0,100,,"",CONSENT REVOKED,CONSENT REVOKED,CONSENT REVOKED,CONSENT REVOKED,CONSENT REVOKED,CONSENT REVOKED,CONSENT REVOKED
615229994c2c44bd99500161,masked_for_anonoymity,APPROVED,2021-09-27T20:29:17.622Z,2021-09-27T21:01:18.956Z,1921.334,43,57,0,100,2021-09-28T11:09:07.278Z,807F37DE,United Kingdom,United Kingdom,Part-Time,English,United Kingdom,Female,No
6152299e96c82a7fae5d0a72,masked_for_anonoymity,TIMED-OUT,2021-09-27T20:29:23.830Z,,1270249.77231,30,4,0,100,,"",United Kingdom,United Kingdom,Full-Time,English,United Kingdom,Male,No
615229a633804a701d4f8dd7,masked_for_anonoymity,APPROVED,2021-09-27T20:29:30.696Z,2021-09-27T21:02:32.175Z,1981.479,20,23,0,100,2021-09-28T11:09:07.381Z,807F37DE,United Kingdom,United Kingdom,Full-Time,English,United Kingdom,Female,No
615229a873bd1ed16f5dbcbd,masked_for_anonoymity,TIMED-OUT,2021-09-27T20:29:31.779Z,,1270241.857614,19,35,0,100,,"",United Kingdom,United Kingdom,DATA EXPIRED,English,United Kingdom,Female,Yes
615229b4a460c85ae4093cab,masked_for_anonoymity,APPROVED,2021-09-27T20:30:03.450Z,2021-09-27T21:14:17.998Z,2654.548,28,54,0,100,2021-09-28T11:09:07.451Z,807F37DE,United Kingdom,United Kingdom,Full-Time,English,United Kingdom,Male,No
615229b923ca3a35f5daba53,masked_for_anonoymity,RETURNED,2021-09-27T20:29:58.920Z,,1270214.753595,21,29,0,100,,"",CONSENT REVOKED,CONSENT REVOKED,CONSENT REVOKED,CONSENT REVOKED,CONSENT REVOKED,CONSENT REVOKED,CONSENT REVOKED
615229c711f291b8e8a88ef8,masked_for_anonoymity,APPROVED,2021-09-27T20:30:05.151Z,2021-09-27T21:17:11.465Z,2826.314,29,83,1,99,2021-09-28T11:09:07.517Z,807F37DE,Germany,United Kingdom,"Not in paid work (e.g. homemaker', 'retired or disabled)",English,Germany,Female,No
615229ced507b41646a3057f,masked_for_anonoymity,APPROVED,2021-09-27T20:30:09.020Z,2021-09-27T21:27:20.283Z,3431.263,42,21,0,100,2021-09-28T11:09:07.582Z,807F37DE,Spain,United Kingdom,Full-Time,Galician,Spain,Female,Yes
615229e0eeaf9a021d12c45b,masked_for_anonoymity,RETURNED,2021-09-27T20:30:30.741Z,,1270182.981512,35,135,1,100,,"",CONSENT REVOKED,CONSENT REVOKED,CONSENT REVOKED,CONSENT REVOKED,CONSENT REVOKED,CONSENT REVOKED,CONSENT REVOKED
615229e2285890690aaf0ea5,masked_for_anonoymity,RETURNED,2021-09-27T20:30:57.909Z,,1270155.831527,19,37,0,100,,"",CONSENT REVOKED,CONSENT REVOKED,CONSENT REVOKED,CONSENT REVOKED,CONSENT REVOKED,CONSENT REVOKED,CONSENT REVOKED
615229f3d01494587c79d2bf,masked_for_anonoymity,APPROVED,2021-09-27T20:31:47.045Z,2021-09-27T21:06:35.944Z,2088.899,29,51,0,100,2021-09-28T11:09:07.683Z,807F37DE,United Kingdom,United Kingdom,Full-Time,English,United Kingdom,Female,No
615229f423f09173e0b80ef1,masked_for_anonoymity,APPROVED,2021-09-27T20:30:50.112Z,2021-09-27T21:06:18.017Z,2127.905,28,43,0,100,2021-09-28T11:09:07.763Z,807F37DE,United Kingdom,United Kingdom,Part-Time,English,United Kingdom,Female,No
615229ff73bd1ed16f5dbcc1,masked_for_anonoymity,APPROVED,2021-09-27T20:31:05.468Z,2021-09-27T21:01:31.726Z,1826.258,22,66,0,100,2021-09-28T11:09:07.835Z,807F37DE,Turkey,United Kingdom,DATA EXPIRED,Turkish,Turkey,Female,DATA EXPIRED
61522a00cb5992e66c0765cf,masked_for_anonoymity,APPROVED,2021-09-27T20:30:58.735Z,2021-09-27T21:05:06.670Z,2047.935,31,42,1,100,2021-09-28T11:09:07.916Z,807F37DE,United Kingdom,United Kingdom,Full-Time,English,United Kingdom,Female,No
61522a05d4a3797d40021896,masked_for_anonoymity,APPROVED,2021-09-27T20:31:09.559Z,2021-09-27T21:18:16.471Z,2826.912,27,64,0,100,2021-09-28T11:09:07.972Z,807F37DE,United Kingdom,United Kingdom,Full-Time,English,United Kingdom,Female,No
61522a06f8c0b72b8d4db9d4,masked_for_anonoymity,APPROVED,2021-09-27T20:31:06.015Z,2021-09-27T21:35:45.875Z,3879.86,42,76,1,100,2021-09-28T11:09:08.038Z,807F37DE,United Kingdom,United Kingdom,Full-Time,English,United Kingdom,Female,No
61522a076b2b27175e8efb9a,masked_for_anonoymity,APPROVED,2021-09-27T20:31:05.221Z,2021-09-27T21:27:18.499Z,3373.278,33,54,3,95,2021-09-28T11:09:08.126Z,807F37DE,United Kingdom,United Kingdom,Full-Time,English,United Kingdom,Female,No
61522a084863917a13c55035,masked_for_anonoymity,APPROVED,2021-09-27T20:31:07.201Z,2021-09-27T20:57:01.865Z,1554.664,39,290,1,100,2021-09-28T11:09:08.188Z,807F37DE,United Kingdom,United Kingdom,DATA EXPIRED,English,United Kingdom,Male,DATA EXPIRED
61522a13cb5992e66c0765d1,masked_for_anonoymity,RETURNED,2021-09-27T20:31:24.144Z,,1270129.76291,25,60,2,97,,"",CONSENT REVOKED,CONSENT REVOKED,CONSENT REVOKED,CONSENT REVOKED,CONSENT REVOKED,CONSENT REVOKED,CONSENT REVOKED
61522a2c31f8189024ad6707,masked_for_anonoymity,TIMED-OUT,2021-09-27T20:31:44.350Z,,1270109.573882,22,32,0,100,,"",Malaysia,United Kingdom,Due to start a new job within the next month,English,Malaysia,Female,Yes
61522a2f7b27417ba3d9a30b,masked_for_anonoymity,RETURNED,2021-09-27T20:31:47.767Z,,1270106.178784,32,39,0,100,,"",CONSENT REVOKED,CONSENT REVOKED,CONSENT REVOKED,CONSENT REVOKED,CONSENT REVOKED,CONSENT REVOKED,CONSENT REVOKED
61522a349b818306b8eeb6b0,masked_for_anonoymity,APPROVED,2021-09-27T20:31:49.564Z,2021-09-27T21:38:33.281Z,4003.717,31,30,0,100,2021-09-28T11:09:08.266Z,807F37DE,United Kingdom,United Kingdom,Part-Time,English,United Kingdom,Female,No
61522a387189f8cb9dde5310,masked_for_anonoymity,RETURNED,2021-09-27T20:31:54.035Z,,1270099.943507,39,56,0,100,,"",CONSENT REVOKED,CONSENT REVOKED,CONSENT REVOKED,CONSENT REVOKED,CONSENT REVOKED,CONSENT REVOKED,CONSENT REVOKED
61522a393f54a6dbf1809928,masked_for_anonoymity,APPROVED,2021-09-27T20:31:59.868Z,2021-09-27T21:32:20.178Z,3620.31,47,53,0,100,2021-09-28T11:09:08.353Z,807F37DE,United Kingdom,United Kingdom,Part-Time,English,United Kingdom,Female,No
61522a3aad0c3ffdf87d4b46,masked_for_anonoymity,RETURNED,2021-09-27T20:31:56.265Z,,1270097.748798,30,57,1,100,,"",CONSENT REVOKED,CONSENT REVOKED,CONSENT REVOKED,CONSENT REVOKED,CONSENT REVOKED,CONSENT REVOKED,CONSENT REVOKED
61522a4afa12f19fbbbc4556,masked_for_anonoymity,APPROVED,2021-09-27T20:32:16.560Z,2021-09-27T21:02:40.615Z,1824.055,23,52,0,100,2021-09-28T11:09:08.427Z,807F37DE,United Kingdom,United Kingdom,"Not in paid work (e.g. homemaker', 'retired or disabled)",English,United Kingdom,Male,Yes
61522a4b98b8555eb20c7717,masked_for_anonoymity,APPROVED,2021-09-27T20:32:16.012Z,2021-09-27T21:18:16.507Z,2760.495,26,42,0,100,2021-09-28T11:09:08.495Z,807F37DE,United Kingdom,United Kingdom,Full-Time,English,United Kingdom,Female,No
61522a52b0aef6ffdc335f85,masked_for_anonoymity,APPROVED,2021-09-27T20:32:19.827Z,2021-09-27T20:48:57.927Z,998.1,21,39,0,100,2021-09-28T11:09:08.564Z,807F37DE,United Kingdom,United Kingdom,Other,English,United Kingdom,Female,No
61522a5ae421f9ef97d17012,masked_for_anonoymity,APPROVED,2021-09-27T20:32:33.713Z,2021-09-27T21:04:25.244Z,1911.531,42,15,0,100,2021-09-28T11:09:08.626Z,807F37DE,DATA EXPIRED,United Kingdom,DATA EXPIRED,DATA EXPIRED,DATA EXPIRED,DATA EXPIRED,DATA EXPIRED
61522a71e4d23b09f4640d45,masked_for_anonoymity,APPROVED,2021-09-27T20:32:53.571Z,2021-09-27T20:57:39.837Z,1486.266,35,49,2,97,2021-09-28T11:09:08.707Z,807F37DE,United Kingdom,United Kingdom,"Not in paid work (e.g. homemaker', 'retired or disabled)",English,United Kingdom,Female,No
61522a73a2bd732be07fbf14,masked_for_anonoymity,APPROVED,2021-09-27T20:33:08.987Z,2021-09-27T21:10:09.449Z,2220.462,32,58,1,99,2021-09-28T11:09:08.772Z,807F37DE,United Kingdom,United Kingdom,Part-Time,English,United Kingdom,Female,No
61522a77975d3eeece049948,masked_for_anonoymity,TIMED-OUT,2021-09-27T20:33:02.202Z,,1270031.932566,57,43,2,97,,"",United Kingdom,United Kingdom,"Not in paid work (e.g. homemaker', 'retired or disabled)",English,United Kingdom,Female,No
61522aa4a5827468840a8201,masked_for_anonoymity,TIMED-OUT,2021-09-27T20:33:42.239Z,,1269991.918791,36,29,1,95,,"",United Kingdom,United Kingdom,Full-Time,English,Ireland,Female,No
61522aa5027767e15372326c,masked_for_anonoymity,TIMED-OUT,2021-09-27T20:33:51.108Z,,1269983.069068,58,62,0,100,,"",United Kingdom,United Kingdom,"Not in paid work (e.g. homemaker', 'retired or disabled)",English,United Kingdom,Female,No
61522aae3d4e63849e85cfda,masked_for_anonoymity,RETURNED,2021-09-27T20:43:50.459Z,,1269383.73727,37,53,0,100,,"",CONSENT REVOKED,CONSENT REVOKED,CONSENT REVOKED,CONSENT REVOKED,CONSENT REVOKED,CONSENT REVOKED,CONSENT REVOKED
61522ac3b180b71488039572,masked_for_anonoymity,RETURNED,2021-09-27T20:34:16.756Z,,1269957.462121,21,35,0,100,,"",CONSENT REVOKED,CONSENT REVOKED,CONSENT REVOKED,CONSENT REVOKED,CONSENT REVOKED,CONSENT REVOKED,CONSENT REVOKED
61522acd44d77b9dfdc5958b,masked_for_anonoymity,RETURNED,2021-09-27T20:35:03.118Z,,1269911.12339,26,10,1,96,,"",CONSENT REVOKED,CONSENT REVOKED,CONSENT REVOKED,CONSENT REVOKED,CONSENT REVOKED,CONSENT REVOKED,CONSENT REVOKED
61522ad38497900e7d5a4309,masked_for_anonoymity,APPROVED,2021-09-27T20:34:30.255Z,2021-09-27T20:53:11.450Z,1121.195,30,86,0,100,2021-09-28T11:09:08.867Z,807F37DE,United Kingdom,United Kingdom,Full-Time,English,United Kingdom,Female,No
61522ad3c0c1b38a574c32c3,masked_for_anonoymity,APPROVED,2021-09-27T20:34:31.481Z,2021-09-27T21:39:55.369Z,3923.888,33,148,1,100,2021-09-28T11:09:08.931Z,807F37DE,Finland,United Kingdom,Part-Time,Finnish,Finland,Female,Yes
61522ae5c51a071e7d38b42f,masked_for_anonoymity,APPROVED,2021-09-27T20:34:48.311Z,2021-09-27T21:19:19.022Z,2670.711,21,50,0,100,2021-09-28T11:09:09.008Z,807F37DE,United Kingdom,United Kingdom,"Not in paid work (e.g. homemaker', 'retired or disabled)",English,United Kingdom,Female,No
61522ae99b818306b8eeb6c0,masked_for_anonoymity,RETURNED,2021-09-27T20:34:51.449Z,,1269922.871508,32,26,2,90,,"",CONSENT REVOKED,CONSENT REVOKED,CONSENT REVOKED,CONSENT REVOKED,CONSENT REVOKED,CONSENT REVOKED,CONSENT REVOKED
61522af0b2f47197a175da0f,masked_for_anonoymity,APPROVED,2021-09-27T20:34:58.955Z,2021-09-27T21:04:03.388Z,1744.433,27,122,2,100,2021-09-28T11:09:09.088Z,807F37DE,United Kingdom,United Kingdom,Full-Time,English,United Kingdom,Male,No
61522afcb573e954bfb02a2b,masked_for_anonoymity,APPROVED,2021-09-27T20:35:10.452Z,2021-09-27T21:09:19.922Z,2049.47,29,39,1,99,2021-09-28T11:09:09.157Z,NOCODE,United Kingdom,United Kingdom,Full-Time,English,United Kingdom,Female,No
61522b0f0292e530d4f8328b,masked_for_anonoymity,RETURNED,2021-09-27T20:35:29.182Z,,1269885.193359,26,37,0,100,,"",CONSENT REVOKED,CONSENT REVOKED,CONSENT REVOKED,CONSENT REVOKED,CONSENT REVOKED,CONSENT REVOKED,CONSENT REVOKED
61522b26d434adca3dacc38d,masked_for_anonoymity,APPROVED,2021-09-27T20:35:54.066Z,2021-09-27T21:08:54.156Z,1980.09,29,163,1,100,2021-09-28T11:09:09.232Z,807F37DE,United Kingdom,United Kingdom,Full-Time,English,United Kingdom,Female,No
61522b3cdf3894025a4c2c9e,masked_for_anonoymity,APPROVED,2021-09-27T20:36:16.547Z,2021-09-27T20:59:35.215Z,1398.668,25,37,0,100,2021-09-28T11:09:09.312Z,807F37DE,United Kingdom,United Kingdom,Part-Time,English,United Kingdom,Female,No
61522b415f6393c662c8f501,masked_for_anonoymity,APPROVED,2021-09-27T20:36:27.614Z,2021-09-27T21:18:52.701Z,2545.087,34,32,3,95,2021-09-28T11:09:09.379Z,807F37DE,United Kingdom,United Kingdom,Part-Time,English,United Kingdom,Female,No
61522b4b4c2c44bd99500169,masked_for_anonoymity,APPROVED,2021-09-27T20:36:29.160Z,2021-09-27T21:02:54.798Z,1585.638,31,38,0,100,2021-09-28T11:09:09.440Z,807F37DE,United Kingdom,United Kingdom,Full-Time,English,United Kingdom,Female,No
61522b4c7189f8cb9dde531e,masked_for_anonoymity,TIMED-OUT,2021-09-27T20:36:52.265Z,,1269802.214653,18,33,0,100,,"",United Kingdom,United Kingdom,Other,English,United Kingdom,Male,Yes
61522b5d6637df18551571b3,masked_for_anonoymity,RETURNED,2021-09-27T20:46:45.891Z,,1269208.610119,24,32,1,99,,"",CONSENT REVOKED,CONSENT REVOKED,CONSENT REVOKED,CONSENT REVOKED,CONSENT REVOKED,CONSENT REVOKED,CONSENT REVOKED
61522b5d69c1635bb85c3018,masked_for_anonoymity,APPROVED,2021-09-27T20:36:49.888Z,2021-09-27T21:34:12.852Z,3442.964,21,35,0,100,2021-09-28T11:09:09.541Z,807F37DE,United States,United Kingdom,Unemployed (and job seeking),English,United Kingdom,Female,Yes
61522b620b3e41a6d0623d36,masked_for_anonoymity,APPROVED,2021-09-27T20:38:04.966Z,2021-09-27T21:27:24.835Z,2959.869,22,61,0,100,2021-09-28T11:09:09.606Z,807F37DE,New Zealand,United Kingdom,Part-Time,English,New Zealand,Female,No
61522b667543fd04ea767c81,masked_for_anonoymity,RETURNED,2021-09-27T20:37:34.825Z,,1269759.734744,38,121,1,100,,"",CONSENT REVOKED,CONSENT REVOKED,CONSENT REVOKED,CONSENT REVOKED,CONSENT REVOKED,CONSENT REVOKED,CONSENT REVOKED
61522b69fcfd0bc8b1b9e266,masked_for_anonoymity,RETURNED,2021-09-27T20:37:00.167Z,,1269794.410345,61,189,2,100,,"",CONSENT REVOKED,CONSENT REVOKED,CONSENT REVOKED,CONSENT REVOKED,CONSENT REVOKED,CONSENT REVOKED,CONSENT REVOKED
61522b6a70e3cdd82c5a575e,masked_for_anonoymity,APPROVED,2021-09-27T20:36:58.476Z,2021-09-27T21:08:24.904Z,1886.428,32,73,1,100,2021-09-28T11:09:09.694Z,807F37DE,DATA EXPIRED,United Kingdom,Full-Time,English,United Kingdom,Female,DATA EXPIRED
61522b728e5781ef1d8521b0,masked_for_anonoymity,APPROVED,2021-09-27T20:37:16.528Z,2021-09-27T21:03:19.887Z,1563.359,39,60,2,97,2021-09-28T11:09:09.759Z,807F37DE,United Kingdom,United Kingdom,Other,English,United Kingdom,Female,No
61522b8bc66b6fbca49fc162,masked_for_anonoymity,TIMED-OUT,2021-09-27T20:39:39.700Z,,1269634.931557,25,32,2,94,,"",United Kingdom,United Kingdom,"Not in paid work (e.g. homemaker', 'retired or disabled)",English,United Kingdom,Female,No
61522b8daf418e936d4322ce,masked_for_anonoymity,RETURNED,2021-09-27T20:47:33.605Z,,1269161.045361,27,304,0,100,,"",CONSENT REVOKED,CONSENT REVOKED,CONSENT REVOKED,CONSENT REVOKED,CONSENT REVOKED,CONSENT REVOKED,CONSENT REVOKED
61522ba23d4e63849e85cfe6,masked_for_anonoymity,APPROVED,2021-09-27T20:37:56.612Z,2021-09-27T20:49:41.339Z,704.727,46,82,0,100,2021-09-28T11:09:09.852Z,807F37DE,United Kingdom,United Kingdom,Full-Time,English,United Kingdom,Male,No
61522ba399bda63b1e997256,masked_for_anonoymity,RETURNED,2021-09-27T20:39:07.611Z,,1269667.072904,20,99,0,100,,"",CONSENT REVOKED,CONSENT REVOKED,CONSENT REVOKED,CONSENT REVOKED,CONSENT REVOKED,CONSENT REVOKED,CONSENT REVOKED
61522baff789beb2dd29f0bf,masked_for_anonoymity,APPROVED,2021-09-27T20:38:10.904Z,2021-09-27T21:03:45.343Z,1534.439,29,55,0,100,2021-09-28T11:09:09.950Z,807F37DE,United Kingdom,United Kingdom,Full-Time,English,United Kingdom,Female,No
61522bb88d591fc7e66eece2,masked_for_anonoymity,APPROVED,2021-09-27T20:38:22.475Z,2021-09-27T21:03:48.555Z,1526.08,46,53,1,100,2021-09-28T11:09:10.015Z,807F37DE,United Kingdom,United Kingdom,"Not in paid work (e.g. homemaker', 'retired or disabled)",English,United Kingdom,Female,No
61522bb9ac63acf8e924ea4b,masked_for_anonoymity,APPROVED,2021-09-27T20:38:20.961Z,2021-09-27T21:29:47.211Z,3086.25,24,35,0,100,2021-09-28T11:09:10.091Z,807F37DE,United Kingdom,United Kingdom,Full-Time,English,United Kingdom,Female,No
61522bca8ab596df27abb4ae,masked_for_anonoymity,TIMED-OUT,2021-09-27T20:38:43.585Z,,1269691.17987,30,20,1,99,,"",Cuba,Netherlands,Unemployed (and job seeking),Spanish,Spain,Male,No
61522bcbe777007a4643a35b,masked_for_anonoymity,APPROVED,2021-09-27T20:38:38.191Z,2021-09-27T21:15:38.072Z,2219.881,26,48,0,100,2021-09-28T11:09:10.170Z,807F37DE,United Kingdom,United Kingdom,Full-Time,English,Ireland,Female,No
61522bd57189f8cb9dde5324,masked_for_anonoymity,RETURNED,2021-09-27T20:38:49.952Z,,1269684.845479,37,195,1,100,,"",CONSENT REVOKED,CONSENT REVOKED,CONSENT REVOKED,CONSENT REVOKED,CONSENT REVOKED,CONSENT REVOKED,CONSENT REVOKED
61522bf4914f86b2d323216d,masked_for_anonoymity,APPROVED,2021-09-27T20:39:20.307Z,2021-09-27T20:57:29.666Z,1089.359,21,60,1,100,2021-09-28T11:09:10.246Z,807F37DE,United Kingdom,United Kingdom,Full-Time,English,United Kingdom,Female,No
61522bf8acc03ff98208b7ef,masked_for_anonoymity,RETURNED,2021-09-27T20:39:22.307Z,,1269652.531931,24,70,1,99,,"",CONSENT REVOKED,CONSENT REVOKED,CONSENT REVOKED,CONSENT REVOKED,CONSENT REVOKED,CONSENT REVOKED,CONSENT REVOKED
61522bf9f7d7099fd9069755,masked_for_anonoymity,APPROVED,2021-09-27T20:39:48.884Z,2021-09-27T21:18:17.054Z,2308.17,39,77,0,100,2021-09-28T11:09:10.330Z,807F37DE,United Kingdom,United Kingdom,Full-Time,English,United Kingdom,Male,No
61522c006dd5e508adc48a17,masked_for_anonoymity,APPROVED,2021-09-27T20:39:30.578Z,2021-09-27T21:06:23.541Z,1612.963,23,239,0,100,2021-09-28T11:09:10.420Z,807F37DE,United Kingdom,United Kingdom,Unemployed (and job seeking),English,United Kingdom,Female,No
61522c09fed894996b0aedc9,masked_for_anonoymity,APPROVED,2021-09-27T20:39:45.618Z,2021-09-27T21:13:38.061Z,2032.443,34,37,0,100,2021-09-28T11:09:10.488Z,807F37DE,United Kingdom,United Kingdom,Full-Time,English,United Kingdom,Female,No
61522c0f675795cb41de5c9f,masked_for_anonoymity,APPROVED,2021-09-27T20:39:46.637Z,2021-09-27T21:12:24.959Z,1958.322,35,57,1,100,2021-09-28T11:09:10.594Z,807F37DE,United Kingdom,United Kingdom,Part-Time,English,United Kingdom,Female,No
61522c1b363b77f693914fc1,masked_for_anonoymity,APPROVED,2021-09-27T20:40:01.225Z,2021-09-27T21:41:47.483Z,3706.258,45,40,0,100,2021-09-28T11:09:10.680Z,807F37DE,United Kingdom,United Kingdom,Part-Time,English,United Kingdom,Female,No
61522c2c5f6393c662c8f50c,masked_for_anonoymity,APPROVED,2021-09-27T20:40:15.126Z,2021-09-27T21:14:16.700Z,2041.574,25,62,0,100,2021-09-28T11:09:10.778Z,807F37DE,United Kingdom,United Kingdom,Full-Time,English,United Kingdom,Female,No
61522c33c67ad52ef4249c9d,masked_for_anonoymity,APPROVED,2021-09-27T20:40:24.620Z,2021-09-27T21:15:19.979Z,2095.359,30,37,1,99,2021-09-28T11:09:10.852Z,807F37DE,United Kingdom,United Kingdom,Part-Time,English,United Kingdom,Female,No
61522c522eee1d15a59efa03,masked_for_anonoymity,APPROVED,2021-09-27T20:40:52.540Z,2021-09-27T21:14:33.914Z,2021.374,39,103,1,100,2021-09-28T11:09:10.922Z,807F37DE,United States,United Kingdom,Part-Time,English,United Kingdom,Male,No
61522c71e5494a545bcbdeb2,masked_for_anonoymity,APPROVED,2021-09-27T20:41:25.718Z,2021-09-27T21:10:51.102Z,1765.384,37,69,0,100,2021-09-28T11:09:10.991Z,807F37DE,United Kingdom,United Kingdom,Part-Time,English,United Kingdom,Female,No
61522c74e30dc4e497d820c6,masked_for_anonoymity,APPROVED,2021-09-27T20:41:27.171Z,2021-09-27T21:25:28.564Z,2641.393,31,25,0,100,2021-09-28T11:09:11.072Z,807F37DE,United Kingdom,United Kingdom,"Not in paid work (e.g. homemaker', 'retired or disabled)",English,United Kingdom,Female,No
61522c7b07697db93fbcf06e,masked_for_anonoymity,TIMED-OUT,2021-09-27T20:41:35.761Z,,1269519.371206,23,22,0,100,,"",United Kingdom,United Kingdom,Full-Time,English,United Kingdom,Female,No
61522c7dd67883db1038fdda,masked_for_anonoymity,APPROVED,2021-09-27T20:41:39.011Z,2021-09-27T21:17:27.511Z,2148.5,51,61,1,100,2021-09-28T11:09:11.149Z,807F37DE,United Kingdom,United Kingdom,"Not in paid work (e.g. homemaker', 'retired or disabled)",English,United Kingdom,Female,No
61522c80d31402c9d55e6d34,masked_for_anonoymity,RETURNED,2021-09-27T20:41:38.734Z,,1269516.438941,22,13,0,100,,"",CONSENT REVOKED,CONSENT REVOKED,CONSENT REVOKED,CONSENT REVOKED,CONSENT REVOKED,CONSENT REVOKED,CONSENT REVOKED
61522c8a95d1ba14cd7c2018,masked_for_anonoymity,APPROVED,2021-09-27T20:41:49.852Z,2021-09-27T21:07:46.151Z,1556.299,30,68,0,100,2021-09-28T11:09:11.226Z,807F37DE,United Kingdom,United Kingdom,Full-Time,English,United Kingdom,Female,No
61522c908612a9c8e9406ef5,masked_for_anonoymity,APPROVED,2021-09-27T20:41:54.335Z,2021-09-27T21:45:08.184Z,3793.849,21,21,0,100,2021-09-28T11:09:11.301Z,807F37DE,United Kingdom,United Kingdom,Full-Time,English,United Kingdom,Female,Yes
61522c9e03b42ec764684117,masked_for_anonoymity,APPROVED,2021-09-27T20:42:10.402Z,2021-09-27T21:41:50.257Z,3579.855,21,48,1,97,2021-09-28T11:09:11.388Z,807F37DE,United Kingdom,United Kingdom,Unemployed (and job seeking),English,India,Female,No
61522ca309ffa747c5fd5e10,masked_for_anonoymity,APPROVED,2021-09-27T20:42:12.976Z,2021-09-27T21:11:08.059Z,1735.083,25,29,0,100,2021-09-28T11:09:11.472Z,807F37DE,DATA EXPIRED,United Kingdom,"Not in paid work (e.g. homemaker', 'retired or disabled)",English,United Kingdom,Female,DATA EXPIRED
61522ca4c514d1b39ec04674,masked_for_anonoymity,APPROVED,2021-09-27T20:42:16.013Z,2021-09-27T21:10:54.212Z,1718.199,34,44,1,100,2021-09-28T11:09:11.547Z,807F37DE,United Kingdom,United Kingdom,Full-Time,English,United Kingdom,Female,No
61522cb3ef97d0cfafa8e6da,masked_for_anonoymity,APPROVED,2021-09-27T20:42:35.640Z,2021-09-27T21:10:55.735Z,1700.095,45,45,0,100,2021-09-28T11:09:11.624Z,807F37DE,United Kingdom,United Kingdom,Full-Time,English,United Kingdom,Female,No
61522cba9a4876ad342a478b,masked_for_anonoymity,RETURNED,2021-09-27T20:42:45.254Z,,1269450.046024,60,41,0,100,,"",CONSENT REVOKED,CONSENT REVOKED,CONSENT REVOKED,CONSENT REVOKED,CONSENT REVOKED,CONSENT REVOKED,CONSENT REVOKED
61522cbd7b27417ba3d9a32e,masked_for_anonoymity,APPROVED,2021-09-27T20:42:40.013Z,2021-09-27T21:01:09.558Z,1109.545,43,70,0,100,2021-09-28T11:09:11.716Z,807F37DE,United Kingdom,United Kingdom,Full-Time,English,United Kingdom,Male,No
61522cd4d18f277355a4917d,masked_for_anonoymity,APPROVED,2021-09-27T20:43:03.103Z,2021-09-27T21:35:46.045Z,3162.942,28,23,0,100,2021-09-28T11:09:11.799Z,807F37DE,Croatia,United Kingdom,Unemployed (and job seeking),Croatian,Croatia,Female,Yes
61522cdebd04d3cec8d947c4,masked_for_anonoymity,APPROVED,2021-09-27T20:43:23.429Z,2021-09-27T21:46:44.391Z,3800.962,55,38,0,100,2021-09-28T11:09:11.866Z,807F37DE,United Kingdom,United Kingdom,Part-Time,English,United Kingdom,Female,No
61522cef55cd0bad272b54a5,masked_for_anonoymity,APPROVED,2021-09-27T20:43:29.401Z,2021-09-27T21:14:43.377Z,1873.976,,4,0,100,2021-09-28T11:09:11.938Z,807F37DE,DATA EXPIRED,DATA EXPIRED,DATA EXPIRED,DATA EXPIRED,DATA EXPIRED,DATA EXPIRED,DATA EXPIRED
61522cf1737d508803f9ec03,masked_for_anonoymity,RETURNED,2021-09-27T20:43:33.049Z,,1269402.350993,45,61,0,100,,"",CONSENT REVOKED,CONSENT REVOKED,CONSENT REVOKED,CONSENT REVOKED,CONSENT REVOKED,CONSENT REVOKED,CONSENT REVOKED
61522cf37190ee0fef85e2be,masked_for_anonoymity,APPROVED,2021-09-27T20:44:09.890Z,2021-09-27T21:19:50.931Z,2141.041,42,73,1,100,2021-09-28T11:09:12.019Z,807F37DE,United Kingdom,United Kingdom,Full-Time,English,United Kingdom,Male,No
61522cf40378e5200fad397a,masked_for_anonoymity,APPROVED,2021-09-27T20:45:17.925Z,2021-09-27T21:28:54.759Z,2616.834,36,49,1,100,2021-09-28T11:09:12.086Z,807F37DE,United Kingdom,United Kingdom,Full-Time,English,United Kingdom,Female,No
61522d003aee0fd44e1a59f8,masked_for_anonoymity,APPROVED,2021-09-27T20:44:38.816Z,2021-09-27T21:16:59.862Z,1941.046,35,61,2,99,2021-09-28T11:09:12.159Z,807F37DE,United Kingdom,United Kingdom,Part-Time,English,United Kingdom,Female,No
61522d01a14cc07aa85cbecd,masked_for_anonoymity,APPROVED,2021-09-27T20:43:52.020Z,2021-09-27T21:12:41.235Z,1729.215,20,163,2,99,2021-09-28T11:09:12.254Z,807F37DE,United Kingdom,United Kingdom,DATA EXPIRED,English,United Kingdom,Female,DATA EXPIRED
61522d076fb466729bf755fe,masked_for_anonoymity,APPROVED,2021-09-27T20:43:55.839Z,2021-09-27T21:41:27.516Z,3451.677,27,180,4,98,2021-09-28T11:09:12.327Z,807F37DE,United Kingdom,United Kingdom,Part-Time,English,United Kingdom,Female,No
61522d0d189c92887ceb1e29,masked_for_anonoymity,APPROVED,2021-09-27T20:44:00.109Z,2021-09-27T21:25:38.499Z,2498.39,43,40,1,100,2021-09-28T11:09:12.403Z,807F37DE,United Kingdom,United Kingdom,Part-Time,English,United Kingdom,Female,No
61522d10d56e0f43341bfff5,masked_for_anonoymity,APPROVED,2021-09-27T20:44:06.242Z,2021-09-27T21:21:48.909Z,2262.667,29,64,0,100,2021-09-28T11:09:12.494Z,807F37DE,United Kingdom,United Kingdom,"Not in paid work (e.g. homemaker', 'retired or disabled)",English,United Kingdom,Female,No
61522d24c24b4afd459ab366,masked_for_anonoymity,APPROVED,2021-09-27T20:44:21.979Z,2021-09-27T21:27:41.094Z,2599.115,25,23,0,100,2021-09-28T11:09:12.582Z,807F37DE,United Kingdom,United Kingdom,Part-Time,English,United Kingdom,Female,Yes
61522d280fb4c2fea808e58c,masked_for_anonoymity,APPROVED,2021-09-27T20:44:26.969Z,2021-09-27T21:49:09.592Z,3882.623,40,127,0,100,2021-09-28T11:09:12.662Z,807F37DE,United Kingdom,United Kingdom,Full-Time,English,United Kingdom,Female,No
61522d2bed5dc958d5eab07a,masked_for_anonoymity,APPROVED,2021-09-27T20:44:29.359Z,2021-09-27T20:59:29.958Z,900.599,19,78,0,100,2021-09-28T11:09:12.754Z,807F37DE,United Kingdom,United Kingdom,Part-Time,English,United Kingdom,Female,No
61522d362d2d9dfb1568c792,masked_for_anonoymity,APPROVED,2021-09-27T20:44:40.646Z,2021-09-27T21:43:11.095Z,3510.449,25,29,0,100,2021-09-28T11:09:12.846Z,807F37DE,United Kingdom,United Kingdom,Part-Time,English,United Kingdom,Male,No
61522d3e7870d26be8d1aced,masked_for_anonoymity,TIMED-OUT,2021-09-27T20:44:49.698Z,,1269325.935552,32,32,0,100,,"",United Kingdom,United Kingdom,Part-Time,English,United Kingdom,Female,Yes
61522d52acc03ff98208b808,masked_for_anonoymity,APPROVED,2021-09-27T20:45:33.779Z,2021-09-27T21:28:29.023Z,2575.244,27,46,0,100,2021-09-28T11:09:12.941Z,807F37DE,United Kingdom,United Kingdom,Full-Time,English,United Kingdom,Female,No
61522d5a702afb5da542bcb9,masked_for_anonoymity,APPROVED,2021-09-27T20:45:16.118Z,2021-09-27T21:17:58.520Z,1962.402,34,8,0,100,2021-09-28T11:09:13.014Z,807F37DE,United Kingdom,United Kingdom,Full-Time,English,United Kingdom,Female,No
61522d676399599092a0cb2f,masked_for_anonoymity,APPROVED,2021-09-27T20:45:29.875Z,2021-09-27T21:09:04.938Z,1415.063,32,62,0,100,2021-09-28T11:09:13.100Z,807F37DE,United Kingdom,United Kingdom,Full-Time,English,United Kingdom,Female,No
61522d6acecf320844418fd8,masked_for_anonoymity,APPROVED,2021-09-27T20:45:36.449Z,2021-09-27T21:37:12.945Z,3096.496,20,36,0,100,2021-09-28T11:09:13.167Z,807F37DE,Poland,United Kingdom,Unemployed (and job seeking),French,France,Female,Yes
61522d6b9e47b49c32b72c9e,masked_for_anonoymity,RETURNED,2021-09-27T20:45:38.731Z,,1269276.997418,32,45,0,100,,"",CONSENT REVOKED,CONSENT REVOKED,CONSENT REVOKED,CONSENT REVOKED,CONSENT REVOKED,CONSENT REVOKED,CONSENT REVOKED
61522d752adc4687a02a8296,masked_for_anonoymity,RETURNED,2021-09-27T20:45:41.421Z,,1269274.324881,24,24,1,99,,"",CONSENT REVOKED,CONSENT REVOKED,CONSENT REVOKED,CONSENT REVOKED,CONSENT REVOKED,CONSENT REVOKED,CONSENT REVOKED
61522d76fcfd0bc8b1b9e28d,masked_for_anonoymity,RETURNED,2021-09-27T20:45:49.635Z,,1269266.128474,33,46,0,100,,"",CONSENT REVOKED,CONSENT REVOKED,CONSENT REVOKED,CONSENT REVOKED,CONSENT REVOKED,CONSENT REVOKED,CONSENT REVOKED
61522d7820fe8961e1a19bb0,masked_for_anonoymity,APPROVED,2021-09-27T20:45:46.505Z,2021-09-27T21:36:05.876Z,3019.371,20,33,1,99,2021-09-28T11:09:13.257Z,807F37DE,United Kingdom,United Kingdom,Other,English,United Kingdom,Female,Yes
61522d81185fc91f98700bd8,masked_for_anonoymity,APPROVED,2021-09-27T20:45:55.683Z,2021-09-27T21:10:10.137Z,1454.454,30,17,0,100,2021-09-28T11:09:13.362Z,807F37DE,United Kingdom,United Kingdom,"Not in paid work (e.g. homemaker', 'retired or disabled)",English,United Kingdom,Female,Yes
61522d910d1a2f1ea423d9e4,masked_for_anonoymity,RETURNED,2021-09-27T20:46:11.597Z,,1269244.216526,41,61,0,100,,"",CONSENT REVOKED,CONSENT REVOKED,CONSENT REVOKED,CONSENT REVOKED,CONSENT REVOKED,CONSENT REVOKED,CONSENT REVOKED
61522d913ac3ea36ca1b3363,masked_for_anonoymity,APPROVED,2021-09-27T20:46:15.449Z,2021-09-27T21:26:45.791Z,2430.342,42,41,1,100,2021-09-28T11:09:13.455Z,807F37DE,United Kingdom,United Kingdom,Full-Time,English,United Kingdom,Female,No
61522d96722c7141b6a9abf7,masked_for_anonoymity,APPROVED,2021-09-27T20:46:16.011Z,2021-09-27T21:12:01.576Z,1545.565,38,6,0,100,2021-09-28T11:09:13.540Z,807F37DE,United Kingdom,United Kingdom,Full-Time,English,United Kingdom,Female,No
61522d996dd5e508adc48a37,masked_for_anonoymity,APPROVED,2021-09-27T20:46:27.215Z,2021-09-27T21:15:57.724Z,1770.509,33,33,0,100,2021-09-28T11:09:13.626Z,807F37DE,United Kingdom,United Kingdom,Full-Time,English,United Kingdom,Male,No
61522d9bd31402c9d55e6d42,masked_for_anonoymity,RETURNED,2021-09-27T20:46:22.028Z,,1269233.866718,23,26,0,100,,"",CONSENT REVOKED,CONSENT REVOKED,CONSENT REVOKED,CONSENT REVOKED,CONSENT REVOKED,CONSENT REVOKED,CONSENT REVOKED
61522da4ab4c483b4d14229e,masked_for_anonoymity,APPROVED,2021-09-27T20:46:45.048Z,2021-09-27T21:59:11.382Z,4346.334,41,41,2,96,2021-09-28T11:09:13.710Z,807F37DE,United Kingdom,United Kingdom,Full-Time,English,United Kingdom,Female,No
61522dbf2c47a92e079ad3bb,masked_for_anonoymity,RETURNED,2021-09-27T20:46:57.368Z,,1269198.562369,49,632,3,100,,"",CONSENT REVOKED,CONSENT REVOKED,CONSENT REVOKED,CONSENT REVOKED,CONSENT REVOKED,CONSENT REVOKED,CONSENT REVOKED
61522dcdc494e223dd45ad61,masked_for_anonoymity,TIMED-OUT,2021-09-27T20:47:24.468Z,,1269171.479766,37,39,2,98,,"",Poland,United Kingdom,Full-Time,Polish,Poland,Female,Yes
61522dce176e234a12bc7244,masked_for_anonoymity,APPROVED,2021-09-27T20:47:13.886Z,2021-09-27T21:42:50.642Z,3336.756,44,37,0,100,2021-09-28T11:09:13.811Z,807F37DE,United Kingdom,United Kingdom,"Not in paid work (e.g. homemaker', 'retired or disabled)",English,United Kingdom,Female,Yes
61522dd97572d4c584a5fc08,masked_for_anonoymity,APPROVED,2021-09-27T20:47:27.852Z,2021-09-27T21:29:42.005Z,2534.153,41,33,1,99,2021-09-28T11:09:13.894Z,807F37DE,United Kingdom,United Kingdom,Full-Time,English,United Kingdom,Female,No
61522e0aab4c483b4d1422a9,masked_for_anonoymity,APPROVED,2021-09-27T20:48:13.522Z,2021-09-27T21:24:16.268Z,2162.746,28,86,0,100,2021-09-28T11:09:13.986Z,807F37DE,United Kingdom,United Kingdom,Full-Time,English,United Kingdom,Female,No
61522e160292e530d4f832b5,masked_for_anonoymity,APPROVED,2021-09-27T20:48:24.076Z,2021-09-27T21:25:48.440Z,2244.364,39,40,0,100,2021-09-28T11:09:14.084Z,807F37DE,United Kingdom,United Kingdom,Full-Time,English,United Kingdom,Female,No
61522e172d2d9dfb1568c7a8,masked_for_anonoymity,APPROVED,2021-09-27T20:48:28.773Z,2021-09-27T21:50:21.361Z,3712.588,33,37,1,100,2021-09-28T11:09:14.163Z,807F37DE,Italy,United Kingdom,Full-Time,Italian,Italy,Female,No
61522e5cafeab1fb1db9c16a,masked_for_anonoymity,TIMED-OUT,2021-09-27T20:49:39.099Z,,1269036.970366,19,3,0,100,,"",United Kingdom,United Kingdom,Other,English,United Kingdom,Male,Yes
61522e63e0595f2f06cf0f2a,masked_for_anonoymity,APPROVED,2021-09-27T20:53:27.450Z,2021-09-27T21:15:22.962Z,1315.512,30,61,1,100,2021-09-28T11:09:14.250Z,807F37DE,United Kingdom,United Kingdom,"Not in paid work (e.g. homemaker', 'retired or disabled)",English,United Kingdom,Female,No
61522eadcee7841882716195,masked_for_anonoymity,APPROVED,2021-09-27T20:50:55.970Z,2021-09-27T21:41:39.556Z,3043.586,45,63,1,99,2021-09-28T11:09:14.333Z,807F37DE,United Kingdom,United Kingdom,Full-Time,English,United Kingdom,Female,No
61522f22206a195a71d168af,masked_for_anonoymity,APPROVED,2021-09-27T20:52:52.260Z,2021-09-27T21:16:13.805Z,1401.545,27,35,0,100,2021-09-28T11:09:14.415Z,807F37DE,United Kingdom,United Kingdom,Due to start a new job within the next month,English,United Kingdom,Female,No
61522f97df6031d3ec19079f,masked_for_anonoymity,APPROVED,2021-09-27T20:54:51.354Z,2021-09-27T21:13:13.753Z,1102.399,27,18,0,100,2021-09-28T11:09:14.512Z,807F37DE,United Kingdom,United Kingdom,Full-Time,English,Ireland,Female,No
6152309d6439c17bcb2dd540,masked_for_anonoymity,TIMED-OUT,2021-09-27T20:59:16.348Z,,1268459.818575,24,17,0,100,,"",United Kingdom,United Kingdom,Full-Time,English,United Kingdom,Female,No
615230b3a23f2cff41977d0b,masked_for_anonoymity,APPROVED,2021-09-27T20:59:33.233Z,2021-09-27T21:43:50.276Z,2657.043,24,43,1,99,2021-09-28T11:09:14.611Z,807F37DE,United Kingdom,United Kingdom,Full-Time,English,United Kingdom,Female,No
61523304e962ae1e67d78b74,masked_for_anonoymity,TIMED-OUT,2021-09-27T21:09:59.101Z,,1267817.098319,45,71,0,100,,"",DATA EXPIRED,United Kingdom,"Not in paid work (e.g. homemaker', 'retired or disabled)",DATA EXPIRED,DATA EXPIRED,Female,DATA EXPIRED
6152332c17b833fae5edba4d,masked_for_anonoymity,TIMED-OUT,2021-09-27T21:10:07.258Z,,1267808.955909,57,49,2,97,,"",DATA EXPIRED,United Kingdom,"Not in paid work (e.g. homemaker', 'retired or disabled)",DATA EXPIRED,United Kingdom,Female,No
6152335f5ee7c15f4002613a,masked_for_anonoymity,RETURNED,2021-09-27T21:10:58.447Z,,1267757.785768,20,44,0,100,,"",CONSENT REVOKED,CONSENT REVOKED,CONSENT REVOKED,CONSENT REVOKED,CONSENT REVOKED,CONSENT REVOKED,CONSENT REVOKED
615233c8db85b00b50240aee,masked_for_anonoymity,APPROVED,2021-09-27T21:12:43.255Z,2021-09-27T21:54:03.213Z,2479.958,28,64,1,100,2021-09-28T11:09:14.734Z,807F37DE,United Kingdom,United Kingdom,Full-Time,English,United Kingdom,Female,No
615237fda764ebdae35c5686,masked_for_anonoymity,APPROVED,2021-09-27T21:30:37.237Z,2021-09-27T22:12:07.344Z,2490.107,41,148,1,100,2021-09-28T11:09:14.812Z,807F37DE,Bulgaria,United Kingdom,Unemployed (and job seeking),Bulgarian,Bulgaria,Male,No
61523836974cc8c9357676c9,masked_for_anonoymity,RETURNED,2021-09-27T21:31:58.153Z,,1266498.138798,30,96,1,99,,"",CONSENT REVOKED,CONSENT REVOKED,CONSENT REVOKED,CONSENT REVOKED,CONSENT REVOKED,CONSENT REVOKED,CONSENT REVOKED
615238a1769967610f0fd021,masked_for_anonoymity,APPROVED,2021-09-27T21:33:21.585Z,2021-09-27T21:44:45.261Z,683.676,30,48,0,100,2021-09-28T11:09:14.910Z,807F37DE,DATA EXPIRED,United Kingdom,Full-Time,DATA EXPIRED,DATA EXPIRED,DATA EXPIRED,DATA EXPIRED
6152391e97fecd086386e9e4,masked_for_anonoymity,APPROVED,2021-09-27T21:37:00.581Z,2021-09-27T22:21:57.210Z,2696.629,55,84,0,100,2021-09-28T11:09:14.991Z,807F37DE,United Kingdom,United Kingdom,Full-Time,English,United Kingdom,Male,No
615239cc4643aef0bef6325c,masked_for_anonoymity,APPROVED,2021-09-27T21:38:23.918Z,2021-09-27T21:54:13.041Z,949.123,20,43,1,100,2021-09-28T11:09:15.076Z,807F37DE,United Kingdom,United Kingdom,Full-Time,English,United Kingdom,Male,No
61523a526b0f397dc79e206c,masked_for_anonoymity,APPROVED,2021-09-27T21:40:49.121Z,2021-09-27T22:34:15.683Z,3206.562,26,46,0,100,2021-09-28T11:09:15.168Z,807F37DE,United Kingdom,United Kingdom,Part-Time,English,United Kingdom,Male,Yes
61523ad325e9ee87481fa66f,masked_for_anonoymity,APPROVED,2021-09-27T21:44:16.861Z,2021-09-27T22:25:24.541Z,2467.68,21,350,1,100,2021-09-28T11:09:15.244Z,807F37DE,United Kingdom,United Kingdom,Part-Time,English,United Kingdom,Female,Yes
61523ade3955193d1e6df859,masked_for_anonoymity,APPROVED,2021-09-27T21:42:54.626Z,2021-09-27T22:13:11.587Z,1816.961,31,35,0,100,2021-09-28T11:09:15.322Z,807F37DE,Belgium,United Kingdom,Full-Time,Dutch,Portugal,Female,No
61523b6e1aceab82b31f2545,masked_for_anonoymity,TIMED-OUT,2021-09-27T21:45:20.640Z,,1265695.794081,26,298,2,100,,"",United Kingdom,United Kingdom,DATA EXPIRED,English,United Kingdom,Female,DATA EXPIRED
61523b73fc1b7dc8b26c29fe,masked_for_anonoymity,APPROVED,2021-09-27T21:45:38.506Z,2021-09-27T22:34:38.964Z,2940.458,22,59,0,100,2021-09-28T11:09:15.406Z,807F37DE,United Kingdom,United Kingdom,Part-Time,English,United Kingdom,Male,No
61523b865afb0fb23c1d7ea3,masked_for_anonoymity,APPROVED,2021-09-27T21:45:45.792Z,2021-09-27T22:32:50.220Z,2824.428,27,67,0,100,2021-09-28T11:09:15.492Z,807F37DE,United Kingdom,United Kingdom,Full-Time,English,United Kingdom,Male,No
61523b9496890fa54fd0506a,masked_for_anonoymity,TIMED-OUT,2021-09-27T21:46:01.895Z,,1265654.593408,18,129,0,100,,"",DATA EXPIRED,United Kingdom,DATA EXPIRED,DATA EXPIRED,United Kingdom,Female,DATA EXPIRED
61523b9b36cd013656f8f40c,masked_for_anonoymity,TIMED-OUT,2021-09-27T21:46:07.001Z,,1265649.504224,32,46,0,100,,"",United Kingdom,United Kingdom,Full-Time,English,United Kingdom,Female,No
61523ba3cd7f28e202810058,masked_for_anonoymity,APPROVED,2021-09-27T21:50:27.473Z,2021-09-27T22:40:41.473Z,3014,55,49,0,100,2021-09-28T11:09:15.602Z,807F37DE,DATA EXPIRED,United Kingdom,DATA EXPIRED,English,Nigeria,Female,No
61523ba608c44ff9ec7fd658,masked_for_anonoymity,APPROVED,2021-09-27T21:46:24.270Z,2021-09-27T22:27:00.176Z,2435.906,23,22,1,95,2021-09-28T11:09:15.691Z,807F37DE,United Kingdom,United Kingdom,Unemployed (and job seeking),English,United Kingdom,Female,No
61523baa510f9ed827877835,masked_for_anonoymity,RETURNED,2021-09-27T21:46:23.205Z,,1265633.359982,43,59,4,87,,"",CONSENT REVOKED,CONSENT REVOKED,CONSENT REVOKED,CONSENT REVOKED,CONSENT REVOKED,CONSENT REVOKED,CONSENT REVOKED
61523baa8a1ce69b5e221557,masked_for_anonoymity,APPROVED,2021-09-27T21:46:20.307Z,2021-09-27T22:21:44.063Z,2123.756,38,62,0,100,2021-09-28T11:09:15.757Z,807F37DE,United Kingdom,United Kingdom,Full-Time,English,United Kingdom,Male,No
61523d9bb94a5a3dc0d3b523,masked_for_anonoymity,APPROVED,2021-09-27T21:54:44.354Z,2021-09-27T22:44:06.933Z,2962.579,27,55,0,100,2021-09-28T11:09:15.820Z,807F37DE,United Kingdom,United Kingdom,Unemployed (and job seeking),English,United Kingdom,Female,No
61523e008b527d79befcae3e,masked_for_anonoymity,APPROVED,2021-09-27T21:56:16.911Z,2021-09-27T22:20:33.147Z,1456.236,27,294,0,100,2021-09-28T11:09:15.889Z,807F37DE,United Kingdom,United Kingdom,"Not in paid work (e.g. homemaker', 'retired or disabled)",English,United Kingdom,Male,Yes
61523e279467e912d6d4dc95,masked_for_anonoymity,APPROVED,2021-09-27T21:56:57.140Z,2021-09-27T22:18:05.248Z,1268.108,20,68,1,100,2021-09-28T11:09:15.958Z,807F37DE,United Kingdom,United Kingdom,Full-Time,English,United Kingdom,Female,No
61523ef0466d0b3d98f4fbc0,masked_for_anonoymity,APPROVED,2021-09-27T22:00:33.381Z,2021-09-27T22:27:05.735Z,1592.354,19,37,0,100,2021-09-28T11:09:16.043Z,807F37DE,United Kingdom,United Kingdom,Full-Time,Bengali,United Kingdom,Male,No
61523ef38d085b2fa7a01541,masked_for_anonoymity,APPROVED,2021-09-27T22:00:21.955Z,2021-09-27T22:45:50.979Z,2729.024,25,4,0,100,2021-09-28T11:09:16.104Z,807F37DE,DATA EXPIRED,United Kingdom,Part-Time,English,DATA EXPIRED,DATA EXPIRED,DATA EXPIRED
61523ef665b1600c17a04aec,masked_for_anonoymity,APPROVED,2021-09-27T22:00:27.081Z,2021-09-27T22:36:50.858Z,2183.777,23,28,1,99,2021-09-28T11:09:16.171Z,807F37DE,United Kingdom,United Kingdom,Full-Time,English,United Kingdom,Female,No
61523ef780b86e2cf93e85cb,masked_for_anonoymity,APPROVED,2021-09-27T22:02:24.959Z,2021-09-27T22:27:15.994Z,1491.035,25,47,0,100,2021-09-28T11:09:16.239Z,807F37DE,United Kingdom,United Kingdom,Full-Time,English,United Kingdom,Female,No
61523ef86f2444909db15c64,masked_for_anonoymity,APPROVED,2021-09-27T22:00:24.309Z,2021-09-27T22:22:10.729Z,1306.42,27,36,0,100,2021-09-28T11:09:16.312Z,807F37DE,Bulgaria,United Kingdom,Full-Time,Bulgarian,Bulgaria,Female,No
61523eff8b5af5f52407bc04,masked_for_anonoymity,APPROVED,2021-09-27T22:00:34.428Z,2021-09-27T22:48:27.044Z,2872.616,30,59,0,100,2021-09-28T11:09:16.380Z,807F37DE,United Kingdom,United Kingdom,Unemployed (and job seeking),English,United Kingdom,Male,No
61524266ae631dd1a28adbb6,masked_for_anonoymity,APPROVED,2021-09-27T22:15:06.157Z,2021-09-27T23:05:27.575Z,3021.418,19,38,0,100,2021-09-28T11:09:16.450Z,807F37DE,United Kingdom,United Kingdom,DATA EXPIRED,Tamil,United Kingdom,Female,Yes
615245ffd988b14190304174,masked_for_anonoymity,APPROVED,2021-09-27T22:30:23.037Z,2021-09-27T23:03:14.954Z,1971.917,32,446,2,100,2021-09-28T11:09:16.540Z,807F37DE,United Kingdom,United Kingdom,DATA EXPIRED,English,United Kingdom,Female,DATA EXPIRED
615246064cd93200179cf263,masked_for_anonoymity,APPROVED,2021-09-27T22:30:30.159Z,2021-09-27T22:51:53.468Z,1283.309,24,162,1,100,2021-09-28T11:09:16.606Z,807F37DE,United Kingdom,United Kingdom,Unemployed (and job seeking),English,United Kingdom,Female,Yes
61524b9fdfb214a270758513,masked_for_anonoymity,APPROVED,2021-09-27T22:54:31.590Z,2021-09-27T23:44:32.350Z,3000.76,28,213,3,98,2021-09-28T11:09:16.693Z,807F37DE,Philippines,United Kingdom,Full-Time,Tagalog-Filipino,Philippines,Female,No
61524cfdf27cb2ba4e01502b,masked_for_anonoymity,APPROVED,2021-09-27T23:00:17.289Z,2021-09-27T23:51:14.161Z,3056.872,23,482,7,99,2021-09-28T11:09:16.771Z,807F37DE,United Kingdom,United Kingdom,DATA EXPIRED,English,United Kingdom,Female,DATA EXPIRED
61524d0655e81c638e3e067d,masked_for_anonoymity,APPROVED,2021-09-27T23:00:23.474Z,2021-09-27T23:32:52.283Z,1948.809,20,67,0,100,2021-09-28T11:09:16.856Z,807F37DE,United Kingdom,United Kingdom,Part-Time,English,United Kingdom,Male,Yes
